time,1,2
2013-11-28 00:00:00,379.0,46.0
2013-11-28 01:00:00,377.8333333333333,46.0
2013-11-28 02:00:00,376.6666666666667,46.0
2013-11-28 03:00:00,375.5,46.0
2013-11-28 04:00:00,374.3333333333333,46.0
2013-11-28 05:00:00,373.1666666666667,46.0
2013-11-28 06:00:00,372.0,46.0
2013-11-28 07:00:00,370.8333333333333,46.0
2013-11-28 08:00:00,369.6666666666667,46.0
2013-11-28 09:00:00,368.5,46.0
2013-11-28 10:00:00,367.3333333333333,46.0
2013-11-28 11:00:00,366.1666666666667,46.0
2013-11-28 12:00:00,365.0,46.0
2013-11-28 13:00:00,363.8333333333333,46.0
2013-11-28 14:00:00,362.6666666666667,46.0
2013-11-28 15:00:00,361.5,46.0
2013-11-28 16:00:00,360.3333333333333,46.0
2013-11-28 17:00:00,359.1666666666667,46.0
2013-11-28 18:00:00,358.0,46.0
2013-11-28 19:00:00,356.8333333333333,46.0
2013-11-28 20:00:00,355.6666666666667,46.0
2013-11-28 21:00:00,354.5,46.0
2013-11-28 22:00:00,353.3333333333333,46.0
2013-11-28 23:00:00,352.1666666666667,46.0
2013-11-29 00:00:00,351.0,46.0
2013-11-29 01:00:00,353.7916666666667,46.0
2013-11-29 02:00:00,356.5833333333333,46.0
2013-11-29 03:00:00,359.375,46.0
2013-11-29 04:00:00,362.1666666666667,46.0
2013-11-29 05:00:00,364.9583333333333,46.0
2013-11-29 06:00:00,367.75,46.0
2013-11-29 07:00:00,370.5416666666667,46.0
2013-11-29 08:00:00,373.3333333333333,46.0
2013-11-29 09:00:00,376.125,46.0
2013-11-29 10:00:00,378.9166666666667,46.0
2013-11-29 11:00:00,381.7083333333333,46.0
2013-11-29 12:00:00,384.5,46.0
2013-11-29 13:00:00,387.2916666666667,46.0
2013-11-29 14:00:00,390.0833333333333,46.0
2013-11-29 15:00:00,392.875,46.0
2013-11-29 16:00:00,395.6666666666667,46.0
2013-11-29 17:00:00,398.4583333333333,46.0
2013-11-29 18:00:00,401.25,46.0
2013-11-29 19:00:00,404.0416666666667,46.0
2013-11-29 20:00:00,406.8333333333333,46.0
2013-11-29 21:00:00,409.625,46.0
2013-11-29 22:00:00,412.4166666666667,46.0
2013-11-29 23:00:00,415.2083333333333,46.0
2013-11-30 00:00:00,418.0,46.0
2013-11-30 01:00:00,422.875,46.0
2013-11-30 02:00:00,427.75,46.0
2013-11-30 03:00:00,432.625,46.0
2013-11-30 04:00:00,437.5,46.0
2013-11-30 05:00:00,442.375,46.0
2013-11-30 06:00:00,447.25,46.0
2013-11-30 07:00:00,452.125,46.0
2013-11-30 08:00:00,457.0,46.0
2013-11-30 09:00:00,461.875,46.0
2013-11-30 10:00:00,466.75,46.0
2013-11-30 11:00:00,471.625,46.0
2013-11-30 12:00:00,476.5,46.0
2013-11-30 13:00:00,481.375,46.0
2013-11-30 14:00:00,486.25,46.0
2013-11-30 15:00:00,491.125,46.0
2013-11-30 16:00:00,496.0,46.0
2013-11-30 17:00:00,500.875,46.0
2013-11-30 18:00:00,505.75,46.0
2013-11-30 19:00:00,510.625,46.0
2013-11-30 20:00:00,515.5,46.0
2013-11-30 21:00:00,520.375,46.0
2013-11-30 22:00:00,525.25,46.0
2013-11-30 23:00:00,530.125,46.0
2013-12-01 00:00:00,535.0,46.0
2013-12-01 01:00:00,535.8333333333334,46.0
2013-12-01 02:00:00,536.6666666666666,46.0
2013-12-01 03:00:00,537.5,46.0
2013-12-01 04:00:00,538.3333333333334,46.0
2013-12-01 05:00:00,539.1666666666666,46.0
2013-12-01 06:00:00,540.0,46.0
2013-12-01 07:00:00,540.8333333333334,46.0
2013-12-01 08:00:00,541.6666666666666,46.0
2013-12-01 09:00:00,542.5,46.0
2013-12-01 10:00:00,543.3333333333334,46.0
2013-12-01 11:00:00,544.1666666666666,46.0
2013-12-01 12:00:00,545.0,46.0
2013-12-01 13:00:00,545.8333333333334,46.0
2013-12-01 14:00:00,546.6666666666666,46.0
2013-12-01 15:00:00,547.5,46.0
2013-12-01 16:00:00,548.3333333333334,46.0
2013-12-01 17:00:00,549.1666666666666,46.0
2013-12-01 18:00:00,550.0,46.0
2013-12-01 19:00:00,550.8333333333334,46.0
2013-12-01 20:00:00,551.6666666666666,46.0
2013-12-01 21:00:00,552.5,46.0
2013-12-01 22:00:00,553.3333333333334,46.0
2013-12-01 23:00:00,554.1666666666666,46.0
2013-12-02 00:00:00,555.0,46.0
2013-12-02 01:00:00,553.0,46.0
2013-12-02 02:00:00,551.0,46.0
2013-12-02 03:00:00,549.0,46.0
2013-12-02 04:00:00,547.0,46.0
2013-12-02 05:00:00,545.0,46.0
2013-12-02 06:00:00,543.0,46.0
2013-12-02 07:00:00,541.0,46.0
2013-12-02 08:00:00,539.0,46.0
2013-12-02 09:00:00,537.0,46.0
2013-12-02 10:00:00,535.0,46.0
2013-12-02 11:00:00,533.0,46.0
2013-12-02 12:00:00,531.0,46.0
2013-12-02 13:00:00,529.0,46.0
2013-12-02 14:00:00,527.0,46.0
2013-12-02 15:00:00,525.0,46.0
2013-12-02 16:00:00,523.0,46.0
2013-12-02 17:00:00,521.0,46.0
2013-12-02 18:00:00,519.0,46.0
2013-12-02 19:00:00,517.0,46.0
2013-12-02 20:00:00,515.0,46.0
2013-12-02 21:00:00,513.0,46.0
2013-12-02 22:00:00,511.0,46.0
2013-12-02 23:00:00,509.0,46.0
2013-12-03 00:00:00,507.0,46.0
2013-12-03 01:00:00,506.0416666666667,46.0
2013-12-03 02:00:00,505.0833333333333,46.0
2013-12-03 03:00:00,504.125,46.0
2013-12-03 04:00:00,503.1666666666667,46.0
2013-12-03 05:00:00,502.2083333333333,46.0
2013-12-03 06:00:00,501.25,46.0
2013-12-03 07:00:00,500.2916666666667,46.0
2013-12-03 08:00:00,499.3333333333333,46.0
2013-12-03 09:00:00,498.375,46.0
2013-12-03 10:00:00,497.4166666666667,46.0
2013-12-03 11:00:00,496.4583333333333,46.0
2013-12-03 12:00:00,495.5,46.0
2013-12-03 13:00:00,494.5416666666667,46.0
2013-12-03 14:00:00,493.5833333333333,46.0
2013-12-03 15:00:00,492.625,46.0
2013-12-03 16:00:00,491.6666666666667,46.0
2013-12-03 17:00:00,490.7083333333333,46.0
2013-12-03 18:00:00,489.75,46.0
2013-12-03 19:00:00,488.7916666666667,46.0
2013-12-03 20:00:00,487.8333333333333,46.0
2013-12-03 21:00:00,486.875,46.0
2013-12-03 22:00:00,485.9166666666667,46.0
2013-12-03 23:00:00,484.9583333333333,46.0
2013-12-04 00:00:00,484.0,46.0
2013-12-04 01:00:00,484.5833333333333,46.0
2013-12-04 02:00:00,485.1666666666667,46.0
2013-12-04 03:00:00,485.75,46.0
2013-12-04 04:00:00,486.3333333333333,46.0
2013-12-04 05:00:00,486.9166666666667,46.0
2013-12-04 06:00:00,487.5,46.0
2013-12-04 07:00:00,488.0833333333333,46.0
2013-12-04 08:00:00,488.6666666666667,46.0
2013-12-04 09:00:00,489.25,46.0
2013-12-04 10:00:00,489.8333333333333,46.0
2013-12-04 11:00:00,490.4166666666667,46.0
2013-12-04 12:00:00,491.0,46.0
2013-12-04 13:00:00,491.5833333333333,46.0
2013-12-04 14:00:00,492.1666666666667,46.0
2013-12-04 15:00:00,492.75,46.0
2013-12-04 16:00:00,493.3333333333333,46.0
2013-12-04 17:00:00,493.9166666666667,46.0
2013-12-04 18:00:00,494.5,46.0
2013-12-04 19:00:00,495.0833333333333,46.0
2013-12-04 20:00:00,495.6666666666667,46.0
2013-12-04 21:00:00,496.25,46.0
2013-12-04 22:00:00,496.8333333333333,46.0
2013-12-04 23:00:00,497.4166666666667,46.0
2013-12-05 00:00:00,498.0,46.0
2013-12-05 01:00:00,498.2083333333333,46.0
2013-12-05 02:00:00,498.4166666666667,46.0
2013-12-05 03:00:00,498.625,46.0
2013-12-05 04:00:00,498.8333333333333,46.0
2013-12-05 05:00:00,499.0416666666667,46.0
2013-12-05 06:00:00,499.25,46.0
2013-12-05 07:00:00,499.4583333333333,46.0
2013-12-05 08:00:00,499.6666666666667,46.0
2013-12-05 09:00:00,499.875,46.0
2013-12-05 10:00:00,500.0833333333333,46.0
2013-12-05 11:00:00,500.2916666666667,46.0
2013-12-05 12:00:00,500.5,46.0
2013-12-05 13:00:00,500.7083333333333,46.0
2013-12-05 14:00:00,500.9166666666667,46.0
2013-12-05 15:00:00,501.125,46.0
2013-12-05 16:00:00,501.3333333333333,46.0
2013-12-05 17:00:00,501.5416666666667,46.0
2013-12-05 18:00:00,501.75,46.0
2013-12-05 19:00:00,501.9583333333333,46.0
2013-12-05 20:00:00,502.1666666666667,46.0
2013-12-05 21:00:00,502.375,46.0
2013-12-05 22:00:00,502.5833333333333,46.0
2013-12-05 23:00:00,502.7916666666667,46.0
2013-12-06 00:00:00,503.0,46.0
2013-12-06 01:00:00,504.875,46.0
2013-12-06 02:00:00,506.75,46.0
2013-12-06 03:00:00,508.625,46.0
2013-12-06 04:00:00,510.5,46.0
2013-12-06 05:00:00,512.375,46.0
2013-12-06 06:00:00,514.25,46.0
2013-12-06 07:00:00,516.125,46.0
2013-12-06 08:00:00,518.0,46.0
2013-12-06 09:00:00,519.875,46.0
2013-12-06 10:00:00,521.75,46.0
2013-12-06 11:00:00,523.625,46.0
2013-12-06 12:00:00,525.5,46.0
2013-12-06 13:00:00,527.375,46.0
2013-12-06 14:00:00,529.25,46.0
2013-12-06 15:00:00,531.125,46.0
2013-12-06 16:00:00,533.0,46.0
2013-12-06 17:00:00,534.875,46.0
2013-12-06 18:00:00,536.75,46.0
2013-12-06 19:00:00,538.625,46.0
2013-12-06 20:00:00,540.5,46.0
2013-12-06 21:00:00,542.375,46.0
2013-12-06 22:00:00,544.25,46.0
2013-12-06 23:00:00,546.125,46.0
2013-12-07 00:00:00,548.0,46.0
2013-12-07 01:00:00,548.125,46.0
2013-12-07 02:00:00,548.25,46.0
2013-12-07 03:00:00,548.375,46.0
2013-12-07 04:00:00,548.5,46.0
2013-12-07 05:00:00,548.625,46.0
2013-12-07 06:00:00,548.75,46.0
2013-12-07 07:00:00,548.875,46.0
2013-12-07 08:00:00,549.0,46.0
2013-12-07 09:00:00,549.125,46.0
2013-12-07 10:00:00,549.25,46.0
2013-12-07 11:00:00,549.375,46.0
2013-12-07 12:00:00,549.5,46.0
2013-12-07 13:00:00,549.625,46.0
2013-12-07 14:00:00,549.75,46.0
2013-12-07 15:00:00,549.875,46.0
2013-12-07 16:00:00,550.0,46.0
2013-12-07 17:00:00,550.125,46.0
2013-12-07 18:00:00,550.25,46.0
2013-12-07 19:00:00,550.375,46.0
2013-12-07 20:00:00,550.5,46.0
2013-12-07 21:00:00,550.625,46.0
2013-12-07 22:00:00,550.75,46.0
2013-12-07 23:00:00,550.875,46.0
2013-12-08 00:00:00,551.0,46.0
2013-12-08 01:00:00,555.0416666666666,46.0
2013-12-08 02:00:00,559.0833333333334,46.0
2013-12-08 03:00:00,563.125,46.0
2013-12-08 04:00:00,567.1666666666666,46.0
2013-12-08 05:00:00,571.2083333333334,46.0
2013-12-08 06:00:00,575.25,46.0
2013-12-08 07:00:00,579.2916666666666,46.0
2013-12-08 08:00:00,583.3333333333334,46.0
2013-12-08 09:00:00,587.375,46.0
2013-12-08 10:00:00,591.4166666666666,46.0
2013-12-08 11:00:00,595.4583333333334,46.0
2013-12-08 12:00:00,599.5,46.0
2013-12-08 13:00:00,603.5416666666666,46.0
2013-12-08 14:00:00,607.5833333333334,46.0
2013-12-08 15:00:00,611.625,46.0
2013-12-08 16:00:00,615.6666666666666,46.0
2013-12-08 17:00:00,619.7083333333334,46.0
2013-12-08 18:00:00,623.75,46.0
2013-12-08 19:00:00,627.7916666666666,46.0
2013-12-08 20:00:00,631.8333333333334,46.0
2013-12-08 21:00:00,635.875,46.0
2013-12-08 22:00:00,639.9166666666666,46.0
2013-12-08 23:00:00,643.9583333333334,46.0
2013-12-09 00:00:00,648.0,46.0
2013-12-09 01:00:00,648.2083333333334,46.0
2013-12-09 02:00:00,648.4166666666666,46.0
2013-12-09 03:00:00,648.625,46.0
2013-12-09 04:00:00,648.8333333333334,46.0
2013-12-09 05:00:00,649.0416666666666,46.0
2013-12-09 06:00:00,649.25,46.0
2013-12-09 07:00:00,649.4583333333334,46.0
2013-12-09 08:00:00,649.6666666666666,46.0
2013-12-09 09:00:00,649.875,46.0
2013-12-09 10:00:00,650.0833333333334,46.0
2013-12-09 11:00:00,650.2916666666666,46.0
2013-12-09 12:00:00,650.5,46.0
2013-12-09 13:00:00,650.7083333333334,46.0
2013-12-09 14:00:00,650.9166666666666,46.0
2013-12-09 15:00:00,651.125,46.0
2013-12-09 16:00:00,651.3333333333334,46.0
2013-12-09 17:00:00,651.5416666666666,46.0
2013-12-09 18:00:00,651.75,46.0
2013-12-09 19:00:00,651.9583333333334,46.0
2013-12-09 20:00:00,652.1666666666666,46.0
2013-12-09 21:00:00,652.375,46.0
2013-12-09 22:00:00,652.5833333333334,46.0
2013-12-09 23:00:00,652.7916666666666,46.0
2013-12-10 00:00:00,653.0,46.0
2013-12-10 01:00:00,652.4583333333334,46.0
2013-12-10 02:00:00,651.9166666666666,46.0
2013-12-10 03:00:00,651.375,46.0
2013-12-10 04:00:00,650.8333333333334,46.0
2013-12-10 05:00:00,650.2916666666666,46.0
2013-12-10 06:00:00,649.75,46.0
2013-12-10 07:00:00,649.2083333333334,46.0
2013-12-10 08:00:00,648.6666666666666,46.0
2013-12-10 09:00:00,648.125,46.0
2013-12-10 10:00:00,647.5833333333334,46.0
2013-12-10 11:00:00,647.0416666666666,46.0
2013-12-10 12:00:00,646.5,46.0
2013-12-10 13:00:00,645.9583333333334,46.0
2013-12-10 14:00:00,645.4166666666666,46.0
2013-12-10 15:00:00,644.875,46.0
2013-12-10 16:00:00,644.3333333333334,46.0
2013-12-10 17:00:00,643.7916666666666,46.0
2013-12-10 18:00:00,643.25,46.0
2013-12-10 19:00:00,642.7083333333334,46.0
2013-12-10 20:00:00,642.1666666666666,46.0
2013-12-10 21:00:00,641.625,46.0
2013-12-10 22:00:00,641.0833333333334,46.0
2013-12-10 23:00:00,640.5416666666666,46.0
2013-12-11 00:00:00,640.0,46.0
