time,waterlevel_m
2013-11-01 00:00:00,0.058
2013-11-01 01:00:00,0.050
2013-11-01 02:00:00,0.047
2013-11-01 03:00:00,0.052
2013-11-01 04:00:00,0.057
2013-11-01 05:00:00,0.065
2013-11-01 06:00:00,0.073
2013-11-01 07:00:00,0.100
2013-11-01 08:00:00,0.123
2013-11-01 09:00:00,0.143
2013-11-01 10:00:00,0.160
2013-11-01 11:00:00,0.189
2013-11-01 12:00:00,0.222
2013-11-01 13:00:00,0.236
2013-11-01 14:00:00,0.252
2013-11-01 15:00:00,0.258
2013-11-01 16:00:00,0.248
2013-11-01 17:00:00,0.236
2013-11-01 18:00:00,0.228
2013-11-01 19:00:00,0.201
2013-11-01 20:00:00,0.173
2013-11-01 21:00:00,0.158
2013-11-01 22:00:00,0.172
2013-11-01 23:00:00,0.183
2013-11-02 00:00:00,0.174
2013-11-02 01:00:00,0.174
2013-11-02 02:00:00,0.173
2013-11-02 03:00:00,0.156
2013-11-02 04:00:00,0.136
2013-11-02 05:00:00,0.107
2013-11-02 06:00:00,0.093
2013-11-02 07:00:00,0.086
2013-11-02 08:00:00,0.091
2013-11-02 09:00:00,0.087
2013-11-02 10:00:00,0.112
2013-11-02 11:00:00,0.138
2013-11-02 12:00:00,0.163
2013-11-02 13:00:00,0.192
2013-11-02 14:00:00,0.200
2013-11-02 15:00:00,0.209
2013-11-02 16:00:00,0.212
2013-11-02 17:00:00,0.208
2013-11-02 18:00:00,0.210
2013-11-02 19:00:00,0.219
2013-11-02 20:00:00,0.241
2013-11-02 21:00:00,0.276
2013-11-02 22:00:00,0.306
2013-11-02 23:00:00,0.319
2013-11-03 00:00:00,0.328
2013-11-03 01:00:00,0.337
2013-11-03 02:00:00,0.330
2013-11-03 03:00:00,0.309
2013-11-03 04:00:00,0.285
2013-11-03 05:00:00,0.267
2013-11-03 06:00:00,0.260
2013-11-03 07:00:00,0.236
2013-11-03 08:00:00,0.241
2013-11-03 09:00:00,0.241
2013-11-03 10:00:00,0.238
2013-11-03 11:00:00,0.244
2013-11-03 12:00:00,0.253
2013-11-03 13:00:00,0.248
2013-11-03 14:00:00,0.253
2013-11-03 15:00:00,0.267
2013-11-03 16:00:00,0.282
2013-11-03 17:00:00,0.288
2013-11-03 18:00:00,0.304
2013-11-03 19:00:00,0.319
2013-11-03 20:00:00,0.341
2013-11-03 21:00:00,0.348
2013-11-03 22:00:00,0.348
2013-11-03 23:00:00,0.358
2013-11-04 00:00:00,0.360
2013-11-04 01:00:00,0.373
2013-11-04 02:00:00,0.365
2013-11-04 03:00:00,0.332
2013-11-04 04:00:00,0.297
2013-11-04 05:00:00,0.272
2013-11-04 06:00:00,0.254
2013-11-04 07:00:00,0.227
2013-11-04 08:00:00,0.193
2013-11-04 09:00:00,0.154
2013-11-04 10:00:00,0.149
2013-11-04 11:00:00,0.132
2013-11-04 12:00:00,0.120
2013-11-04 13:00:00,0.111
2013-11-04 14:00:00,0.075
2013-11-04 15:00:00,0.045
2013-11-04 16:00:00,0.023
2013-11-04 17:00:00,-0.009
2013-11-04 18:00:00,-0.016
2013-11-04 19:00:00,0.012
2013-11-04 20:00:00,0.053
2013-11-04 21:00:00,0.103
2013-11-04 22:00:00,0.157
2013-11-04 23:00:00,0.207
2013-11-05 00:00:00,0.249
2013-11-05 01:00:00,0.285
2013-11-05 02:00:00,0.310
2013-11-05 03:00:00,0.327
2013-11-05 04:00:00,0.368
2013-11-05 05:00:00,0.413
2013-11-05 06:00:00,0.415
2013-11-05 07:00:00,0.378
2013-11-05 08:00:00,0.324
2013-11-05 09:00:00,0.321
2013-11-05 10:00:00,0.339
2013-11-05 11:00:00,0.350
2013-11-05 12:00:00,0.345
2013-11-05 13:00:00,0.337
2013-11-05 14:00:00,0.321
2013-11-05 15:00:00,0.302
2013-11-05 16:00:00,0.274
2013-11-05 17:00:00,0.246
2013-11-05 18:00:00,0.212
2013-11-05 19:00:00,0.204
2013-11-05 20:00:00,0.191
2013-11-05 21:00:00,0.188
2013-11-05 22:00:00,0.193
2013-11-05 23:00:00,0.191
2013-11-06 00:00:00,0.177
2013-11-06 01:00:00,0.176
2013-11-06 02:00:00,0.183
2013-11-06 03:00:00,0.190
2013-11-06 04:00:00,0.204
2013-11-06 05:00:00,0.230
2013-11-06 06:00:00,0.253
2013-11-06 07:00:00,0.270
2013-11-06 08:00:00,0.269
2013-11-06 09:00:00,0.275
2013-11-06 10:00:00,0.300
2013-11-06 11:00:00,0.338
2013-11-06 12:00:00,0.357
2013-11-06 13:00:00,0.364
2013-11-06 14:00:00,0.365
2013-11-06 15:00:00,0.367
2013-11-06 16:00:00,0.362
2013-11-06 17:00:00,0.338
2013-11-06 18:00:00,0.324
2013-11-06 19:00:00,0.314
2013-11-06 20:00:00,0.308
2013-11-06 21:00:00,0.301
2013-11-06 22:00:00,0.303
2013-11-06 23:00:00,0.315
2013-11-07 00:00:00,0.320
2013-11-07 01:00:00,0.315
2013-11-07 02:00:00,0.310
2013-11-07 03:00:00,0.308
2013-11-07 04:00:00,0.299
2013-11-07 05:00:00,0.290
2013-11-07 06:00:00,0.278
2013-11-07 07:00:00,0.274
2013-11-07 08:00:00,0.279
2013-11-07 09:00:00,0.277
2013-11-07 10:00:00,0.283
2013-11-07 11:00:00,0.290
2013-11-07 12:00:00,0.297
2013-11-07 13:00:00,0.295
2013-11-07 14:00:00,0.300
2013-11-07 15:00:00,0.314
2013-11-07 16:00:00,0.332
2013-11-07 17:00:00,0.350
2013-11-07 18:00:00,0.356
2013-11-07 19:00:00,0.361
2013-11-07 20:00:00,0.367
2013-11-07 21:00:00,0.368
2013-11-07 22:00:00,0.352
2013-11-07 23:00:00,0.349
2013-11-08 00:00:00,0.355
2013-11-08 01:00:00,0.345
2013-11-08 02:00:00,0.311
2013-11-08 03:00:00,0.287
2013-11-08 04:00:00,0.277
2013-11-08 05:00:00,0.261
2013-11-08 06:00:00,0.234
2013-11-08 07:00:00,0.201
2013-11-08 08:00:00,0.193
2013-11-08 09:00:00,0.192
2013-11-08 10:00:00,0.186
2013-11-08 11:00:00,0.177
2013-11-08 12:00:00,0.191
2013-11-08 13:00:00,0.217
2013-11-08 14:00:00,0.241
2013-11-08 15:00:00,0.253
2013-11-08 16:00:00,0.263
2013-11-08 17:00:00,0.284
2013-11-08 18:00:00,0.285
2013-11-08 19:00:00,0.267
2013-11-08 20:00:00,0.255
2013-11-08 21:00:00,0.240
2013-11-08 22:00:00,0.222
2013-11-08 23:00:00,0.197
2013-11-09 00:00:00,0.193
2013-11-09 01:00:00,0.190
2013-11-09 02:00:00,0.182
2013-11-09 03:00:00,0.178
2013-11-09 04:00:00,0.178
2013-11-09 05:00:00,0.161
2013-11-09 06:00:00,0.168
2013-11-09 07:00:00,0.161
2013-11-09 08:00:00,0.124
2013-11-09 09:00:00,0.116
2013-11-09 10:00:00,0.115
2013-11-09 11:00:00,0.144
2013-11-09 12:00:00,0.230
2013-11-09 13:00:00,0.350
2013-11-09 14:00:00,0.464
2013-11-09 15:00:00,0.540
2013-11-09 16:00:00,0.582
2013-11-09 17:00:00,0.597
2013-11-09 18:00:00,0.601
2013-11-09 19:00:00,0.596
2013-11-09 20:00:00,0.557
2013-11-09 21:00:00,0.524
2013-11-09 22:00:00,0.481
2013-11-09 23:00:00,0.430
2013-11-10 00:00:00,0.368
2013-11-10 01:00:00,0.289
2013-11-10 02:00:00,0.237
2013-11-10 03:00:00,0.161
2013-11-10 04:00:00,0.088
2013-11-10 05:00:00,0.054
2013-11-10 06:00:00,0.045
2013-11-10 07:00:00,0.023
2013-11-10 08:00:00,-0.011
2013-11-10 09:00:00,-0.026
2013-11-10 10:00:00,-0.013
2013-11-10 11:00:00,0.006
2013-11-10 12:00:00,0.037
2013-11-10 13:00:00,0.098
2013-11-10 14:00:00,0.174
2013-11-10 15:00:00,0.228
2013-11-10 16:00:00,0.271
2013-11-10 17:00:00,0.315
2013-11-10 18:00:00,0.358
2013-11-10 19:00:00,0.380
2013-11-10 20:00:00,0.376
2013-11-10 21:00:00,0.382
2013-11-10 22:00:00,0.399
2013-11-10 23:00:00,0.410
2013-11-11 00:00:00,0.411
2013-11-11 01:00:00,0.424
2013-11-11 02:00:00,0.451
2013-11-11 03:00:00,0.453
2013-11-11 04:00:00,0.455
2013-11-11 05:00:00,0.461
2013-11-11 06:00:00,0.463
2013-11-11 07:00:00,0.457
2013-11-11 08:00:00,0.442
2013-11-11 09:00:00,0.423
2013-11-11 10:00:00,0.398
2013-11-11 11:00:00,0.378
2013-11-11 12:00:00,0.374
2013-11-11 13:00:00,0.357
2013-11-11 14:00:00,0.347
2013-11-11 15:00:00,0.353
2013-11-11 16:00:00,0.358
2013-11-11 17:00:00,0.358
2013-11-11 18:00:00,0.351
2013-11-11 19:00:00,0.355
2013-11-11 20:00:00,0.367
2013-11-11 21:00:00,0.350
2013-11-11 22:00:00,0.325
2013-11-11 23:00:00,0.311
2013-11-12 00:00:00,0.294
2013-11-12 01:00:00,0.279
2013-11-12 02:00:00,0.258
2013-11-12 03:00:00,0.236
2013-11-12 04:00:00,0.219
2013-11-12 05:00:00,0.202
2013-11-12 06:00:00,0.192
2013-11-12 07:00:00,0.184
2013-11-12 08:00:00,0.177
2013-11-12 09:00:00,0.161
2013-11-12 10:00:00,0.150
2013-11-12 11:00:00,0.123
2013-11-12 12:00:00,0.104
2013-11-12 13:00:00,0.088
2013-11-12 14:00:00,0.081
2013-11-12 15:00:00,0.079
2013-11-12 16:00:00,0.074
2013-11-12 17:00:00,0.089
2013-11-12 18:00:00,0.108
2013-11-12 19:00:00,0.115
2013-11-12 20:00:00,0.116
2013-11-12 21:00:00,0.131
2013-11-12 22:00:00,0.156
2013-11-12 23:00:00,0.175
2013-11-13 00:00:00,0.175
2013-11-13 01:00:00,0.176
2013-11-13 02:00:00,0.195
2013-11-13 03:00:00,0.218
2013-11-13 04:00:00,0.233
2013-11-13 05:00:00,0.235
2013-11-13 06:00:00,0.259
2013-11-13 07:00:00,0.294
2013-11-13 08:00:00,0.335
2013-11-13 09:00:00,0.371
2013-11-13 10:00:00,0.395
2013-11-13 11:00:00,0.412
2013-11-13 12:00:00,0.420
2013-11-13 13:00:00,0.429
2013-11-13 14:00:00,0.426
2013-11-13 15:00:00,0.420
2013-11-13 16:00:00,0.403
2013-11-13 17:00:00,0.392
2013-11-13 18:00:00,0.386
2013-11-13 19:00:00,0.386
2013-11-13 20:00:00,0.379
2013-11-13 21:00:00,0.358
2013-11-13 22:00:00,0.330
2013-11-13 23:00:00,0.311
2013-11-14 00:00:00,0.298
2013-11-14 01:00:00,0.278
2013-11-14 02:00:00,0.255
2013-11-14 03:00:00,0.237
2013-11-14 04:00:00,0.234
2013-11-14 05:00:00,0.236
2013-11-14 06:00:00,0.240
2013-11-14 07:00:00,0.254
2013-11-14 08:00:00,0.269
2013-11-14 09:00:00,0.293
2013-11-14 10:00:00,0.307
2013-11-14 11:00:00,0.311
2013-11-14 12:00:00,0.312
2013-11-14 13:00:00,0.309
2013-11-14 14:00:00,0.299
2013-11-14 15:00:00,0.285
2013-11-14 16:00:00,0.279
2013-11-14 17:00:00,0.285
2013-11-14 18:00:00,0.292
2013-11-14 19:00:00,0.289
2013-11-14 20:00:00,0.286
2013-11-14 21:00:00,0.291
2013-11-14 22:00:00,0.294
2013-11-14 23:00:00,0.289
2013-11-15 00:00:00,0.279
2013-11-15 01:00:00,0.263
2013-11-15 02:00:00,0.250
2013-11-15 03:00:00,0.239
2013-11-15 04:00:00,0.230
2013-11-15 05:00:00,0.225
2013-11-15 06:00:00,0.221
2013-11-15 07:00:00,0.218
2013-11-15 08:00:00,0.227
2013-11-15 09:00:00,0.244
2013-11-15 10:00:00,0.263
2013-11-15 11:00:00,0.279
2013-11-15 12:00:00,0.279
2013-11-15 13:00:00,0.282
2013-11-15 14:00:00,0.276
2013-11-15 15:00:00,0.273
2013-11-15 16:00:00,0.262
2013-11-15 17:00:00,0.257
2013-11-15 18:00:00,0.252
2013-11-15 19:00:00,0.236
2013-11-15 20:00:00,0.239
2013-11-15 21:00:00,0.257
2013-11-15 22:00:00,0.278
2013-11-15 23:00:00,0.298
2013-11-16 00:00:00,0.328
2013-11-16 01:00:00,0.360
2013-11-16 02:00:00,0.354
2013-11-16 03:00:00,0.344
2013-11-16 04:00:00,0.319
2013-11-16 05:00:00,0.323
2013-11-16 06:00:00,0.305
2013-11-16 07:00:00,0.290
2013-11-16 08:00:00,0.289
2013-11-16 09:00:00,0.309
2013-11-16 10:00:00,0.301
2013-11-16 11:00:00,0.286
2013-11-16 12:00:00,0.308
2013-11-16 13:00:00,0.319
2013-11-16 14:00:00,0.309
2013-11-16 15:00:00,0.298
2013-11-16 16:00:00,0.313
2013-11-16 17:00:00,0.339
2013-11-16 18:00:00,0.334
2013-11-16 19:00:00,0.331
2013-11-16 20:00:00,0.339
2013-11-16 21:00:00,0.364
2013-11-16 22:00:00,0.369
2013-11-16 23:00:00,0.364
2013-11-17 00:00:00,0.365
2013-11-17 01:00:00,0.368
2013-11-17 02:00:00,0.359
2013-11-17 03:00:00,0.343
2013-11-17 04:00:00,0.328
2013-11-17 05:00:00,0.324
2013-11-17 06:00:00,0.301
2013-11-17 07:00:00,0.283
2013-11-17 08:00:00,0.289
2013-11-17 09:00:00,0.314
2013-11-17 10:00:00,0.322
2013-11-17 11:00:00,0.316
2013-11-17 12:00:00,0.294
2013-11-17 13:00:00,0.278
2013-11-17 14:00:00,0.265
2013-11-17 15:00:00,0.248
2013-11-17 16:00:00,0.238
2013-11-17 17:00:00,0.238
2013-11-17 18:00:00,0.245
2013-11-17 19:00:00,0.254
2013-11-17 20:00:00,0.272
2013-11-17 21:00:00,0.299
2013-11-17 22:00:00,0.316
2013-11-17 23:00:00,0.321
2013-11-18 00:00:00,0.322
2013-11-18 01:00:00,0.324
2013-11-18 02:00:00,0.321
2013-11-18 03:00:00,0.317
2013-11-18 04:00:00,0.301
2013-11-18 05:00:00,0.278
2013-11-18 06:00:00,0.261
2013-11-18 07:00:00,0.244
2013-11-18 08:00:00,0.226
2013-11-18 09:00:00,0.220
2013-11-18 10:00:00,0.203
2013-11-18 11:00:00,0.184
2013-11-18 12:00:00,0.184
2013-11-18 13:00:00,0.184
2013-11-18 14:00:00,0.175
2013-11-18 15:00:00,0.161
2013-11-18 16:00:00,0.149
2013-11-18 17:00:00,0.123
2013-11-18 18:00:00,0.100
2013-11-18 19:00:00,0.070
2013-11-18 20:00:00,0.057
2013-11-18 21:00:00,0.064
2013-11-18 22:00:00,0.075
2013-11-18 23:00:00,0.096
2013-11-19 00:00:00,0.124
2013-11-19 01:00:00,0.150
2013-11-19 02:00:00,0.173
2013-11-19 03:00:00,0.185
2013-11-19 04:00:00,0.186
2013-11-19 05:00:00,0.194
2013-11-19 06:00:00,0.214
2013-11-19 07:00:00,0.229
2013-11-19 08:00:00,0.229
2013-11-19 09:00:00,0.241
2013-11-19 10:00:00,0.265
2013-11-19 11:00:00,0.274
2013-11-19 12:00:00,0.276
2013-11-19 13:00:00,0.281
2013-11-19 14:00:00,0.288
2013-11-19 15:00:00,0.282
2013-11-19 16:00:00,0.264
2013-11-19 17:00:00,0.245
2013-11-19 18:00:00,0.227
2013-11-19 19:00:00,0.207
2013-11-19 20:00:00,0.187
2013-11-19 21:00:00,0.187
2013-11-19 22:00:00,0.194
2013-11-19 23:00:00,0.202
2013-11-20 00:00:00,0.216
2013-11-20 01:00:00,0.231
2013-11-20 02:00:00,0.241
2013-11-20 03:00:00,0.246
2013-11-20 04:00:00,0.252
2013-11-20 05:00:00,0.252
2013-11-20 06:00:00,0.245
2013-11-20 07:00:00,0.245
2013-11-20 08:00:00,0.244
2013-11-20 09:00:00,0.241
2013-11-20 10:00:00,0.238
2013-11-20 11:00:00,0.241
2013-11-20 12:00:00,0.255
2013-11-20 13:00:00,0.277
2013-11-20 14:00:00,0.303
2013-11-20 15:00:00,0.321
2013-11-20 16:00:00,0.337
2013-11-20 17:00:00,0.347
2013-11-20 18:00:00,0.366
2013-11-20 19:00:00,0.382
2013-11-20 20:00:00,0.379
2013-11-20 21:00:00,0.388
2013-11-20 22:00:00,0.393
2013-11-20 23:00:00,0.401
2013-11-21 00:00:00,0.403
2013-11-21 01:00:00,0.408
2013-11-21 02:00:00,0.418
2013-11-21 03:00:00,0.424
2013-11-21 04:00:00,0.414
2013-11-21 05:00:00,0.403
2013-11-21 06:00:00,0.398
2013-11-21 07:00:00,0.379
2013-11-21 08:00:00,0.359
2013-11-21 09:00:00,0.333
2013-11-21 10:00:00,0.318
2013-11-21 11:00:00,0.309
2013-11-21 12:00:00,0.314
2013-11-21 13:00:00,0.319
2013-11-21 14:00:00,0.319
2013-11-21 15:00:00,0.313
2013-11-21 16:00:00,0.304
2013-11-21 17:00:00,0.290
2013-11-21 18:00:00,0.268
2013-11-21 19:00:00,0.246
2013-11-21 20:00:00,0.233
2013-11-21 21:00:00,0.230
2013-11-21 22:00:00,0.232
2013-11-21 23:00:00,0.233
2013-11-22 00:00:00,0.234
2013-11-22 01:00:00,0.252
2013-11-22 02:00:00,0.264
2013-11-22 03:00:00,0.269
2013-11-22 04:00:00,0.276
2013-11-22 05:00:00,0.289
2013-11-22 06:00:00,0.296
2013-11-22 07:00:00,0.288
2013-11-22 08:00:00,0.279
2013-11-22 09:00:00,0.270
2013-11-22 10:00:00,0.274
2013-11-22 11:00:00,0.281
2013-11-22 12:00:00,0.289
2013-11-22 13:00:00,0.291
2013-11-22 14:00:00,0.300
2013-11-22 15:00:00,0.305
2013-11-22 16:00:00,0.303
2013-11-22 17:00:00,0.298
2013-11-22 18:00:00,0.288
2013-11-22 19:00:00,0.281
2013-11-22 20:00:00,0.273
2013-11-22 21:00:00,0.259
2013-11-22 22:00:00,0.248
2013-11-22 23:00:00,0.250
2013-11-23 00:00:00,0.251
2013-11-23 01:00:00,0.243
2013-11-23 02:00:00,0.237
2013-11-23 03:00:00,0.237
2013-11-23 04:00:00,0.233
2013-11-23 05:00:00,0.226
2013-11-23 06:00:00,0.223
2013-11-23 07:00:00,0.218
2013-11-23 08:00:00,0.210
2013-11-23 09:00:00,0.197
2013-11-23 10:00:00,0.194
2013-11-23 11:00:00,0.202
2013-11-23 12:00:00,0.209
2013-11-23 13:00:00,0.214
2013-11-23 14:00:00,0.221
2013-11-23 15:00:00,0.220
2013-11-23 16:00:00,0.214
2013-11-23 17:00:00,0.218
2013-11-23 18:00:00,0.220
2013-11-23 19:00:00,0.212
2013-11-23 20:00:00,0.199
2013-11-23 21:00:00,0.189
2013-11-23 22:00:00,0.177
2013-11-23 23:00:00,0.167
2013-11-24 00:00:00,0.161
2013-11-24 01:00:00,0.160
2013-11-24 02:00:00,0.160
2013-11-24 03:00:00,0.173
2013-11-24 04:00:00,0.193
2013-11-24 05:00:00,0.211
2013-11-24 06:00:00,0.219
2013-11-24 07:00:00,0.229
2013-11-24 08:00:00,0.240
2013-11-24 09:00:00,0.237
2013-11-24 10:00:00,0.222
2013-11-24 11:00:00,0.219
2013-11-24 12:00:00,0.231
2013-11-24 13:00:00,0.224
2013-11-24 14:00:00,0.206
2013-11-24 15:00:00,0.213
2013-11-24 16:00:00,0.227
2013-11-24 17:00:00,0.247
2013-11-24 18:00:00,0.279
2013-11-24 19:00:00,0.318
2013-11-24 20:00:00,0.347
2013-11-24 21:00:00,0.353
2013-11-24 22:00:00,0.349
2013-11-24 23:00:00,0.345
2013-11-25 00:00:00,0.339
2013-11-25 01:00:00,0.327
2013-11-25 02:00:00,0.313
2013-11-25 03:00:00,0.299
2013-11-25 04:00:00,0.299
2013-11-25 05:00:00,0.299
2013-11-25 06:00:00,0.294
2013-11-25 07:00:00,0.290
2013-11-25 08:00:00,0.287
2013-11-25 09:00:00,0.281
2013-11-25 10:00:00,0.278
2013-11-25 11:00:00,0.280
2013-11-25 12:00:00,0.281
2013-11-25 13:00:00,0.282
2013-11-25 14:00:00,0.282
2013-11-25 15:00:00,0.298
2013-11-25 16:00:00,0.318
2013-11-25 17:00:00,0.317
2013-11-25 18:00:00,0.323
2013-11-25 19:00:00,0.328
2013-11-25 20:00:00,0.331
2013-11-25 21:00:00,0.329
2013-11-25 22:00:00,0.328
2013-11-25 23:00:00,0.326
2013-11-26 00:00:00,0.316
2013-11-26 01:00:00,0.309
2013-11-26 02:00:00,0.309
2013-11-26 03:00:00,0.313
2013-11-26 04:00:00,0.310
2013-11-26 05:00:00,0.312
2013-11-26 06:00:00,0.312
2013-11-26 07:00:00,0.310
2013-11-26 08:00:00,0.302
2013-11-26 09:00:00,0.291
2013-11-26 10:00:00,0.282
2013-11-26 11:00:00,0.270
2013-11-26 12:00:00,0.246
2013-11-26 13:00:00,0.217
2013-11-26 14:00:00,0.198
2013-11-26 15:00:00,0.179
2013-11-26 16:00:00,0.160
2013-11-26 17:00:00,0.147
2013-11-26 18:00:00,0.141
2013-11-26 19:00:00,0.130
2013-11-26 20:00:00,0.117
2013-11-26 21:00:00,0.109
2013-11-26 22:00:00,0.094
2013-11-26 23:00:00,0.090
2013-11-27 00:00:00,0.083
2013-11-27 01:00:00,0.066
2013-11-27 02:00:00,0.066
2013-11-27 03:00:00,0.085
2013-11-27 04:00:00,0.118
2013-11-27 05:00:00,0.148
2013-11-27 06:00:00,0.168
2013-11-27 07:00:00,0.196
2013-11-27 08:00:00,0.220
2013-11-27 09:00:00,0.243
2013-11-27 10:00:00,0.233
2013-11-27 11:00:00,0.205
2013-11-27 12:00:00,0.207
2013-11-27 13:00:00,0.219
2013-11-27 14:00:00,0.216
2013-11-27 15:00:00,0.197
2013-11-27 16:00:00,0.206
2013-11-27 17:00:00,0.231
2013-11-27 18:00:00,0.247
2013-11-27 19:00:00,0.260
2013-11-27 20:00:00,0.270
2013-11-27 21:00:00,0.312
2013-11-27 22:00:00,0.339
2013-11-27 23:00:00,0.333
2013-11-28 00:00:00,0.297
2013-11-28 01:00:00,0.281
2013-11-28 02:00:00,0.275
2013-11-28 03:00:00,0.238
2013-11-28 04:00:00,0.223
2013-11-28 05:00:00,0.224
2013-11-28 06:00:00,0.266
2013-11-28 07:00:00,0.300
2013-11-28 08:00:00,0.321
2013-11-28 09:00:00,0.326
2013-11-28 10:00:00,0.345
2013-11-28 11:00:00,0.373
2013-11-28 12:00:00,0.372
2013-11-28 13:00:00,0.359
2013-11-28 14:00:00,0.356
2013-11-28 15:00:00,0.377
2013-11-28 16:00:00,0.396
2013-11-28 17:00:00,0.399
2013-11-28 18:00:00,0.417
2013-11-28 19:00:00,0.433
2013-11-28 20:00:00,0.447
2013-11-28 21:00:00,0.469
2013-11-28 22:00:00,0.474
2013-11-28 23:00:00,0.478
2013-11-29 00:00:00,0.447
2013-11-29 01:00:00,0.429
2013-11-29 02:00:00,0.421
2013-11-29 03:00:00,0.414
2013-11-29 04:00:00,0.415
2013-11-29 05:00:00,0.411
2013-11-29 06:00:00,0.403
2013-11-29 07:00:00,0.400
2013-11-29 08:00:00,0.394
2013-11-29 09:00:00,0.390
2013-11-29 10:00:00,0.385
2013-11-29 11:00:00,0.367
2013-11-29 12:00:00,0.346
2013-11-29 13:00:00,0.328
2013-11-29 14:00:00,0.303
2013-11-29 15:00:00,0.274
2013-11-29 16:00:00,0.244
2013-11-29 17:00:00,0.219
2013-11-29 18:00:00,0.189
2013-11-29 19:00:00,0.174
2013-11-29 20:00:00,0.161
2013-11-29 21:00:00,0.164
2013-11-29 22:00:00,0.167
2013-11-29 23:00:00,0.155
2013-11-30 00:00:00,0.138
2013-11-30 01:00:00,0.121
2013-11-30 02:00:00,0.119
2013-11-30 03:00:00,0.133
2013-11-30 04:00:00,0.159
2013-11-30 05:00:00,0.186
2013-11-30 06:00:00,0.213
2013-11-30 07:00:00,0.236
2013-11-30 08:00:00,0.241
2013-11-30 09:00:00,0.238
2013-11-30 10:00:00,0.242
2013-11-30 11:00:00,0.247
2013-11-30 12:00:00,0.244
2013-11-30 13:00:00,0.228
2013-11-30 14:00:00,0.227
2013-11-30 15:00:00,0.237
2013-11-30 16:00:00,0.239
2013-11-30 17:00:00,0.238
2013-11-30 18:00:00,0.251
2013-11-30 19:00:00,0.270
2013-11-30 20:00:00,0.280
2013-11-30 21:00:00,0.293
2013-11-30 22:00:00,0.317
2013-11-30 23:00:00,0.325
2013-12-01 00:00:00,0.312
2013-12-01 01:00:00,0.313
2013-12-01 02:00:00,0.311
2013-12-01 03:00:00,0.302
2013-12-01 04:00:00,0.304
2013-12-01 05:00:00,0.313
2013-12-01 06:00:00,0.342
2013-12-01 07:00:00,0.366
2013-12-01 08:00:00,0.377
2013-12-01 09:00:00,0.429
2013-12-01 10:00:00,0.467
2013-12-01 11:00:00,0.464
2013-12-01 12:00:00,0.442
2013-12-01 13:00:00,0.413
2013-12-01 14:00:00,0.361
2013-12-01 15:00:00,0.297
2013-12-01 16:00:00,0.239
2013-12-01 17:00:00,0.238
2013-12-01 18:00:00,0.254
2013-12-01 19:00:00,0.292
2013-12-01 20:00:00,0.318
2013-12-01 21:00:00,0.351
2013-12-01 22:00:00,0.415
2013-12-01 23:00:00,0.487
2013-12-02 00:00:00,0.511
2013-12-02 01:00:00,0.502
2013-12-02 02:00:00,0.489
2013-12-02 03:00:00,0.501
2013-12-02 04:00:00,0.508
2013-12-02 05:00:00,0.489
2013-12-02 06:00:00,0.481
2013-12-02 07:00:00,0.492
2013-12-02 08:00:00,0.497
2013-12-02 09:00:00,0.495
2013-12-02 10:00:00,0.500
2013-12-02 11:00:00,0.505
2013-12-02 12:00:00,0.475
2013-12-02 13:00:00,0.419
2013-12-02 14:00:00,0.369
2013-12-02 15:00:00,0.327
2013-12-02 16:00:00,0.283
2013-12-02 17:00:00,0.249
2013-12-02 18:00:00,0.207
2013-12-02 19:00:00,0.172
2013-12-02 20:00:00,0.157
2013-12-02 21:00:00,0.147
2013-12-02 22:00:00,0.149
2013-12-02 23:00:00,0.156
2013-12-03 00:00:00,0.165
2013-12-03 01:00:00,0.168
2013-12-03 02:00:00,0.168
2013-12-03 03:00:00,0.142
2013-12-03 04:00:00,0.126
2013-12-03 05:00:00,0.127
2013-12-03 06:00:00,0.145
2013-12-03 07:00:00,0.160
2013-12-03 08:00:00,0.164
2013-12-03 09:00:00,0.192
2013-12-03 10:00:00,0.236
2013-12-03 11:00:00,0.255
2013-12-03 12:00:00,0.242
2013-12-03 13:00:00,0.252
2013-12-03 14:00:00,0.267
2013-12-03 15:00:00,0.247
2013-12-03 16:00:00,0.231
2013-12-03 17:00:00,0.237
2013-12-03 18:00:00,0.246
2013-12-03 19:00:00,0.238
2013-12-03 20:00:00,0.231
2013-12-03 21:00:00,0.239
2013-12-03 22:00:00,0.244
2013-12-03 23:00:00,0.253
2013-12-04 00:00:00,0.263
2013-12-04 01:00:00,0.288
2013-12-04 02:00:00,0.303
2013-12-04 03:00:00,0.311
2013-12-04 04:00:00,0.310
2013-12-04 05:00:00,0.324
2013-12-04 06:00:00,0.338
2013-12-04 07:00:00,0.347
2013-12-04 08:00:00,0.350
2013-12-04 09:00:00,0.368
2013-12-04 10:00:00,0.389
2013-12-04 11:00:00,0.419
2013-12-04 12:00:00,0.455
2013-12-04 13:00:00,0.472
2013-12-04 14:00:00,0.483
2013-12-04 15:00:00,0.481
2013-12-04 16:00:00,0.455
2013-12-04 17:00:00,0.414
2013-12-04 18:00:00,0.360
2013-12-04 19:00:00,0.309
2013-12-04 20:00:00,0.278
2013-12-04 21:00:00,0.262
2013-12-04 22:00:00,0.260
2013-12-04 23:00:00,0.281
2013-12-05 00:00:00,0.323
2013-12-05 01:00:00,0.377
2013-12-05 02:00:00,0.423
2013-12-05 03:00:00,0.452
2013-12-05 04:00:00,0.454
2013-12-05 05:00:00,0.455
2013-12-05 06:00:00,0.455
2013-12-05 07:00:00,0.448
2013-12-05 08:00:00,0.450
2013-12-05 09:00:00,0.419
2013-12-05 10:00:00,0.373
2013-12-05 11:00:00,0.358
2013-12-05 12:00:00,0.366
2013-12-05 13:00:00,0.362
2013-12-05 14:00:00,0.334
2013-12-05 15:00:00,0.332
2013-12-05 16:00:00,0.344
2013-12-05 17:00:00,0.336
2013-12-05 18:00:00,0.306
2013-12-05 19:00:00,0.286
2013-12-05 20:00:00,0.310
2013-12-05 21:00:00,0.360
2013-12-05 22:00:00,0.432
2013-12-05 23:00:00,0.613
2013-12-06 00:00:00,0.827
2013-12-06 01:00:00,0.772
2013-12-06 02:00:00,0.641
2013-12-06 03:00:00,0.655
2013-12-06 04:00:00,0.740
2013-12-06 05:00:00,0.730
2013-12-06 06:00:00,0.656
2013-12-06 07:00:00,0.624
2013-12-06 08:00:00,0.632
2013-12-06 09:00:00,0.632
2013-12-06 10:00:00,0.598
2013-12-06 11:00:00,0.642
2013-12-06 12:00:00,0.718
2013-12-06 13:00:00,0.787
2013-12-06 14:00:00,0.843
2013-12-06 15:00:00,0.893
2013-12-06 16:00:00,0.906
2013-12-06 17:00:00,0.891
2013-12-06 18:00:00,0.868
2013-12-06 19:00:00,0.861
2013-12-06 20:00:00,0.852
2013-12-06 21:00:00,0.854
2013-12-06 22:00:00,0.877
2013-12-06 23:00:00,0.875
2013-12-07 00:00:00,0.870
2013-12-07 01:00:00,0.884
2013-12-07 02:00:00,0.892
2013-12-07 03:00:00,0.891
2013-12-07 04:00:00,0.900
2013-12-07 05:00:00,0.902
2013-12-07 06:00:00,0.904
2013-12-07 07:00:00,0.912
2013-12-07 08:00:00,0.908
2013-12-07 09:00:00,0.906
2013-12-07 10:00:00,0.889
2013-12-07 11:00:00,0.875
2013-12-07 12:00:00,0.871
2013-12-07 13:00:00,0.855
2013-12-07 14:00:00,0.845
2013-12-07 15:00:00,0.843
2013-12-07 16:00:00,0.836
2013-12-07 17:00:00,0.829
2013-12-07 18:00:00,0.808
2013-12-07 19:00:00,0.787
2013-12-07 20:00:00,0.774
2013-12-07 21:00:00,0.751
2013-12-07 22:00:00,0.718
2013-12-07 23:00:00,0.680
2013-12-08 00:00:00,0.664
2013-12-08 01:00:00,0.659
2013-12-08 02:00:00,0.654
2013-12-08 03:00:00,0.639
2013-12-08 04:00:00,0.626
2013-12-08 05:00:00,0.615
2013-12-08 06:00:00,0.603
2013-12-08 07:00:00,0.581
2013-12-08 08:00:00,0.545
2013-12-08 09:00:00,0.506
2013-12-08 10:00:00,0.469
2013-12-08 11:00:00,0.445
2013-12-08 12:00:00,0.423
2013-12-08 13:00:00,0.422
2013-12-08 14:00:00,0.445
2013-12-08 15:00:00,0.461
2013-12-08 16:00:00,0.441
2013-12-08 17:00:00,0.424
2013-12-08 18:00:00,0.423
2013-12-08 19:00:00,0.417
2013-12-08 20:00:00,0.474
2013-12-08 21:00:00,0.572
2013-12-08 22:00:00,0.617
2013-12-08 23:00:00,0.590
2013-12-09 00:00:00,0.552
2013-12-09 01:00:00,0.532
2013-12-09 02:00:00,0.500
2013-12-09 03:00:00,0.446
2013-12-09 04:00:00,0.417
2013-12-09 05:00:00,0.416
2013-12-09 06:00:00,0.423
2013-12-09 07:00:00,0.424
2013-12-09 08:00:00,0.432
2013-12-09 09:00:00,0.456
2013-12-09 10:00:00,0.479
2013-12-09 11:00:00,0.487
2013-12-09 12:00:00,0.501
2013-12-09 13:00:00,0.532
2013-12-09 14:00:00,0.548
2013-12-09 15:00:00,0.550
2013-12-09 16:00:00,0.544
2013-12-09 17:00:00,0.544
2013-12-09 18:00:00,0.534
2013-12-09 19:00:00,0.523
2013-12-09 20:00:00,0.517
2013-12-09 21:00:00,0.502
2013-12-09 22:00:00,0.474
2013-12-09 23:00:00,0.460
2013-12-10 00:00:00,0.444
2013-12-10 01:00:00,0.417
2013-12-10 02:00:00,0.398
2013-12-10 03:00:00,0.397
2013-12-10 04:00:00,0.402
2013-12-10 05:00:00,0.391
2013-12-10 06:00:00,0.377
2013-12-10 07:00:00,0.370
2013-12-10 08:00:00,0.367
2013-12-10 09:00:00,0.341
2013-12-10 10:00:00,0.306
2013-12-10 11:00:00,0.280
2013-12-10 12:00:00,0.264
2013-12-10 13:00:00,0.245
2013-12-10 14:00:00,0.223
2013-12-10 15:00:00,0.226
2013-12-10 16:00:00,0.239
2013-12-10 17:00:00,0.260
2013-12-10 18:00:00,0.270
2013-12-10 19:00:00,0.295
2013-12-10 20:00:00,0.323
2013-12-10 21:00:00,0.344
2013-12-10 22:00:00,0.338
2013-12-10 23:00:00,0.324
2013-12-11 00:00:00,0.322
2013-12-11 01:00:00,0.325
2013-12-11 02:00:00,0.332
2013-12-11 03:00:00,0.334
2013-12-11 04:00:00,0.346
2013-12-11 05:00:00,0.380
2013-12-11 06:00:00,0.421
2013-12-11 07:00:00,0.439
2013-12-11 08:00:00,0.448
2013-12-11 09:00:00,0.455
2013-12-11 10:00:00,0.445
2013-12-11 11:00:00,0.425
2013-12-11 12:00:00,0.415
2013-12-11 13:00:00,0.399
2013-12-11 14:00:00,0.386
2013-12-11 15:00:00,0.381
2013-12-11 16:00:00,0.386
2013-12-11 17:00:00,0.380
2013-12-11 18:00:00,0.370
2013-12-11 19:00:00,0.377
2013-12-11 20:00:00,0.391
2013-12-11 21:00:00,0.391
2013-12-11 22:00:00,0.370
2013-12-11 23:00:00,0.350
2013-12-12 00:00:00,0.336
2013-12-12 01:00:00,0.317
2013-12-12 02:00:00,0.296
2013-12-12 03:00:00,0.299
2013-12-12 04:00:00,0.315
2013-12-12 05:00:00,0.330
2013-12-12 06:00:00,0.337
2013-12-12 07:00:00,0.359
2013-12-12 08:00:00,0.388
2013-12-12 09:00:00,0.390
2013-12-12 10:00:00,0.381
2013-12-12 11:00:00,0.388
2013-12-12 12:00:00,0.397
2013-12-12 13:00:00,0.383
2013-12-12 14:00:00,0.359
2013-12-12 15:00:00,0.353
2013-12-12 16:00:00,0.340
2013-12-12 17:00:00,0.317
2013-12-12 18:00:00,0.305
2013-12-12 19:00:00,0.314
2013-12-12 20:00:00,0.329
2013-12-12 21:00:00,0.335
2013-12-12 22:00:00,0.346
2013-12-12 23:00:00,0.361
2013-12-13 00:00:00,0.364
2013-12-13 01:00:00,0.351
2013-12-13 02:00:00,0.324
2013-12-13 03:00:00,0.300
2013-12-13 04:00:00,0.284
2013-12-13 05:00:00,0.276
2013-12-13 06:00:00,0.289
2013-12-13 07:00:00,0.291
2013-12-13 08:00:00,0.299
2013-12-13 09:00:00,0.314
2013-12-13 10:00:00,0.337
2013-12-13 11:00:00,0.360
2013-12-13 12:00:00,0.361
2013-12-13 13:00:00,0.377
2013-12-13 14:00:00,0.401
2013-12-13 15:00:00,0.419
2013-12-13 16:00:00,0.433
2013-12-13 17:00:00,0.463
2013-12-13 18:00:00,0.483
2013-12-13 19:00:00,0.497
2013-12-13 20:00:00,0.513
2013-12-13 21:00:00,0.509
2013-12-13 22:00:00,0.504
2013-12-13 23:00:00,0.492
2013-12-14 00:00:00,0.461
2013-12-14 01:00:00,0.432
2013-12-14 02:00:00,0.415
2013-12-14 03:00:00,0.391
2013-12-14 04:00:00,0.362
2013-12-14 05:00:00,0.333
2013-12-14 06:00:00,0.326
2013-12-14 07:00:00,0.327
2013-12-14 08:00:00,0.309
2013-12-14 09:00:00,0.307
2013-12-14 10:00:00,0.307
2013-12-14 11:00:00,0.309
2013-12-14 12:00:00,0.296
2013-12-14 13:00:00,0.280
2013-12-14 14:00:00,0.279
2013-12-14 15:00:00,0.281
2013-12-14 16:00:00,0.274
2013-12-14 17:00:00,0.268
2013-12-14 18:00:00,0.271
2013-12-14 19:00:00,0.286
2013-12-14 20:00:00,0.312
2013-12-14 21:00:00,0.324
2013-12-14 22:00:00,0.315
2013-12-14 23:00:00,0.303
2013-12-15 00:00:00,0.300
2013-12-15 01:00:00,0.299
2013-12-15 02:00:00,0.278
2013-12-15 03:00:00,0.270
2013-12-15 04:00:00,0.262
2013-12-15 05:00:00,0.277
2013-12-15 06:00:00,0.290
2013-12-15 07:00:00,0.280
2013-12-15 08:00:00,0.289
2013-12-15 09:00:00,0.313
2013-12-15 10:00:00,0.311
2013-12-15 11:00:00,0.294
2013-12-15 12:00:00,0.288
2013-12-15 13:00:00,0.302
2013-12-15 14:00:00,0.298
2013-12-15 15:00:00,0.279
2013-12-15 16:00:00,0.268
2013-12-15 17:00:00,0.278
2013-12-15 18:00:00,0.277
2013-12-15 19:00:00,0.266
2013-12-15 20:00:00,0.283
2013-12-15 21:00:00,0.286
2013-12-15 22:00:00,0.289
2013-12-15 23:00:00,0.293
2013-12-16 00:00:00,0.295
2013-12-16 01:00:00,0.290
2013-12-16 02:00:00,0.268
2013-12-16 03:00:00,0.235
2013-12-16 04:00:00,0.227
2013-12-16 05:00:00,0.247
2013-12-16 06:00:00,0.244
2013-12-16 07:00:00,0.246
2013-12-16 08:00:00,0.252
2013-12-16 09:00:00,0.256
2013-12-16 10:00:00,0.257
2013-12-16 11:00:00,0.259
2013-12-16 12:00:00,0.260
2013-12-16 13:00:00,0.281
2013-12-16 14:00:00,0.279
2013-12-16 15:00:00,0.280
2013-12-16 16:00:00,0.288
2013-12-16 17:00:00,0.277
2013-12-16 18:00:00,0.270
2013-12-16 19:00:00,0.244
2013-12-16 20:00:00,0.204
2013-12-16 21:00:00,0.205
2013-12-16 22:00:00,0.206
2013-12-16 23:00:00,0.182
2013-12-17 00:00:00,0.189
2013-12-17 01:00:00,0.167
2013-12-17 02:00:00,0.144
2013-12-17 03:00:00,0.141
2013-12-17 04:00:00,0.127
2013-12-17 05:00:00,0.107
2013-12-17 06:00:00,0.101
2013-12-17 07:00:00,0.122
2013-12-17 08:00:00,0.136
2013-12-17 09:00:00,0.138
2013-12-17 10:00:00,0.160
2013-12-17 11:00:00,0.226
2013-12-17 12:00:00,0.277
2013-12-17 13:00:00,0.331
2013-12-17 14:00:00,0.400
2013-12-17 15:00:00,0.444
2013-12-17 16:00:00,0.432
2013-12-17 17:00:00,0.398
2013-12-17 18:00:00,0.391
2013-12-17 19:00:00,0.382
2013-12-17 20:00:00,0.384
2013-12-17 21:00:00,0.401
2013-12-17 22:00:00,0.415
2013-12-17 23:00:00,0.413
2013-12-18 00:00:00,0.401
2013-12-18 01:00:00,0.392
2013-12-18 02:00:00,0.373
2013-12-18 03:00:00,0.342
2013-12-18 04:00:00,0.310
2013-12-18 05:00:00,0.288
2013-12-18 06:00:00,0.267
2013-12-18 07:00:00,0.259
2013-12-18 08:00:00,0.245
2013-12-18 09:00:00,0.237
2013-12-18 10:00:00,0.241
2013-12-18 11:00:00,0.246
2013-12-18 12:00:00,0.255
2013-12-18 13:00:00,0.261
2013-12-18 14:00:00,0.259
2013-12-18 15:00:00,0.254
2013-12-18 16:00:00,0.251
2013-12-18 17:00:00,0.241
2013-12-18 18:00:00,0.237
2013-12-18 19:00:00,0.234
2013-12-18 20:00:00,0.235
2013-12-18 21:00:00,0.242
2013-12-18 22:00:00,0.254
2013-12-18 23:00:00,0.270
2013-12-19 00:00:00,0.275
2013-12-19 01:00:00,0.273
2013-12-19 02:00:00,0.272
2013-12-19 03:00:00,0.277
2013-12-19 04:00:00,0.255
2013-12-19 05:00:00,0.227
2013-12-19 06:00:00,0.203
2013-12-19 07:00:00,0.190
2013-12-19 08:00:00,0.192
2013-12-19 09:00:00,0.182
2013-12-19 10:00:00,0.174
2013-12-19 11:00:00,0.184
2013-12-19 12:00:00,0.194
2013-12-19 13:00:00,0.187
2013-12-19 14:00:00,0.192
2013-12-19 15:00:00,0.195
2013-12-19 16:00:00,0.207
2013-12-19 17:00:00,0.229
2013-12-19 18:00:00,0.217
2013-12-19 19:00:00,0.216
2013-12-19 20:00:00,0.239
2013-12-19 21:00:00,0.237
2013-12-19 22:00:00,0.248
2013-12-19 23:00:00,0.240
2013-12-20 00:00:00,0.250
2013-12-20 01:00:00,0.265
2013-12-20 02:00:00,0.252
2013-12-20 03:00:00,0.242
2013-12-20 04:00:00,0.240
2013-12-20 05:00:00,0.235
2013-12-20 06:00:00,0.197
2013-12-20 07:00:00,0.185
2013-12-20 08:00:00,0.168
2013-12-20 09:00:00,0.152
2013-12-20 10:00:00,0.148
2013-12-20 11:00:00,0.166
2013-12-20 12:00:00,0.199
2013-12-20 13:00:00,0.201
2013-12-20 14:00:00,0.211
2013-12-20 15:00:00,0.231
2013-12-20 16:00:00,0.240
2013-12-20 17:00:00,0.255
2013-12-20 18:00:00,0.264
2013-12-20 19:00:00,0.288
2013-12-20 20:00:00,0.317
2013-12-20 21:00:00,0.341
2013-12-20 22:00:00,0.356
2013-12-20 23:00:00,0.384
2013-12-21 00:00:00,0.404
2013-12-21 01:00:00,0.396
2013-12-21 02:00:00,0.389
2013-12-21 03:00:00,0.376
2013-12-21 04:00:00,0.363
2013-12-21 05:00:00,0.330
2013-12-21 06:00:00,0.297
2013-12-21 07:00:00,0.269
2013-12-21 08:00:00,0.239
2013-12-21 09:00:00,0.226
2013-12-21 10:00:00,0.223
2013-12-21 11:00:00,0.235
2013-12-21 12:00:00,0.252
2013-12-21 13:00:00,0.269
2013-12-21 14:00:00,0.282
2013-12-21 15:00:00,0.290
2013-12-21 16:00:00,0.299
2013-12-21 17:00:00,0.299
2013-12-21 18:00:00,0.291
2013-12-21 19:00:00,0.263
2013-12-21 20:00:00,0.231
2013-12-21 21:00:00,0.195
2013-12-21 22:00:00,0.178
2013-12-21 23:00:00,0.153
2013-12-22 00:00:00,0.139
2013-12-22 01:00:00,0.134
2013-12-22 02:00:00,0.147
2013-12-22 03:00:00,0.152
2013-12-22 04:00:00,0.144
2013-12-22 05:00:00,0.157
2013-12-22 06:00:00,0.177
2013-12-22 07:00:00,0.201
2013-12-22 08:00:00,0.215
2013-12-22 09:00:00,0.246
2013-12-22 10:00:00,0.265
2013-12-22 11:00:00,0.290
2013-12-22 12:00:00,0.280
2013-12-22 13:00:00,0.272
2013-12-22 14:00:00,0.304
2013-12-22 15:00:00,0.291
2013-12-22 16:00:00,0.258
2013-12-22 17:00:00,0.242
2013-12-22 18:00:00,0.240
2013-12-22 19:00:00,0.215
2013-12-22 20:00:00,0.160
2013-12-22 21:00:00,0.132
2013-12-22 22:00:00,0.126
2013-12-22 23:00:00,0.143
2013-12-23 00:00:00,0.214
2013-12-23 01:00:00,0.274
2013-12-23 02:00:00,0.304
2013-12-23 03:00:00,0.330
2013-12-23 04:00:00,0.327
2013-12-23 05:00:00,0.328
2013-12-23 06:00:00,0.309
2013-12-23 07:00:00,0.284
2013-12-23 08:00:00,0.288
2013-12-23 09:00:00,0.306
2013-12-23 10:00:00,0.318
2013-12-23 11:00:00,0.371
2013-12-23 12:00:00,0.416
2013-12-23 13:00:00,0.420
2013-12-23 14:00:00,0.439
2013-12-23 15:00:00,0.420
2013-12-23 16:00:00,0.399
2013-12-23 17:00:00,0.401
2013-12-23 18:00:00,0.372
2013-12-23 19:00:00,0.325
2013-12-23 20:00:00,0.278
2013-12-23 21:00:00,0.257
2013-12-23 22:00:00,0.217
2013-12-23 23:00:00,0.190
2013-12-24 00:00:00,0.186
2013-12-24 01:00:00,0.200
2013-12-24 02:00:00,0.186
2013-12-24 03:00:00,0.196
2013-12-24 04:00:00,0.235
2013-12-24 05:00:00,0.268
2013-12-24 06:00:00,0.275
2013-12-24 07:00:00,0.282
2013-12-24 08:00:00,0.286
2013-12-24 09:00:00,0.308
2013-12-24 10:00:00,0.310
2013-12-24 11:00:00,0.301
2013-12-24 12:00:00,0.300
2013-12-24 13:00:00,0.283
2013-12-24 14:00:00,0.265
2013-12-24 15:00:00,0.240
2013-12-24 16:00:00,0.232
2013-12-24 17:00:00,0.225
2013-12-24 18:00:00,0.197
2013-12-24 19:00:00,0.159
2013-12-24 20:00:00,0.131
2013-12-24 21:00:00,0.122
2013-12-24 22:00:00,0.114
2013-12-24 23:00:00,0.112
2013-12-25 00:00:00,0.118
2013-12-25 01:00:00,0.130
2013-12-25 02:00:00,0.126
2013-12-25 03:00:00,0.129
2013-12-25 04:00:00,0.108
2013-12-25 05:00:00,0.100
2013-12-25 06:00:00,0.109
2013-12-25 07:00:00,0.100
2013-12-25 08:00:00,0.097
2013-12-25 09:00:00,0.112
2013-12-25 10:00:00,0.124
2013-12-25 11:00:00,0.144
2013-12-25 12:00:00,0.163
2013-12-25 13:00:00,0.179
2013-12-25 14:00:00,0.207
2013-12-25 15:00:00,0.243
2013-12-25 16:00:00,0.274
2013-12-25 17:00:00,0.285
2013-12-25 18:00:00,0.294
2013-12-25 19:00:00,0.331
2013-12-25 20:00:00,0.343
2013-12-25 21:00:00,0.335
2013-12-25 22:00:00,0.317
2013-12-25 23:00:00,0.310
2013-12-26 00:00:00,0.316
2013-12-26 01:00:00,0.310
2013-12-26 02:00:00,0.272
2013-12-26 03:00:00,0.272
2013-12-26 04:00:00,0.281
2013-12-26 05:00:00,0.297
2013-12-26 06:00:00,0.292
2013-12-26 07:00:00,0.295
2013-12-26 08:00:00,0.283
2013-12-26 09:00:00,0.283
2013-12-26 10:00:00,0.290
2013-12-26 11:00:00,0.304
2013-12-26 12:00:00,0.305
2013-12-26 13:00:00,0.296
2013-12-26 14:00:00,0.303
2013-12-26 15:00:00,0.298
2013-12-26 16:00:00,0.292
2013-12-26 17:00:00,0.285
2013-12-26 18:00:00,0.304
2013-12-26 19:00:00,0.329
2013-12-26 20:00:00,0.337
2013-12-26 21:00:00,0.341
2013-12-26 22:00:00,0.340
2013-12-26 23:00:00,0.347
2013-12-27 00:00:00,0.343
2013-12-27 01:00:00,0.340
2013-12-27 02:00:00,0.339
2013-12-27 03:00:00,0.339
2013-12-27 04:00:00,0.342
2013-12-27 05:00:00,0.346
2013-12-27 06:00:00,0.366
2013-12-27 07:00:00,0.380
2013-12-27 08:00:00,0.398
2013-12-27 09:00:00,0.407
2013-12-27 10:00:00,0.403
2013-12-27 11:00:00,0.400
2013-12-27 12:00:00,0.398
2013-12-27 13:00:00,0.360
2013-12-27 14:00:00,0.317
2013-12-27 15:00:00,0.281
2013-12-27 16:00:00,0.274
2013-12-27 17:00:00,0.229
2013-12-27 18:00:00,0.198
2013-12-27 19:00:00,0.190
2013-12-27 20:00:00,0.195
2013-12-27 21:00:00,0.203
2013-12-27 22:00:00,0.189
2013-12-27 23:00:00,0.203
2013-12-28 00:00:00,0.209
2013-12-28 01:00:00,0.206
2013-12-28 02:00:00,0.190
2013-12-28 03:00:00,0.187
2013-12-28 04:00:00,0.180
2013-12-28 05:00:00,0.157
2013-12-28 06:00:00,0.140
2013-12-28 07:00:00,0.148
2013-12-28 08:00:00,0.152
2013-12-28 09:00:00,0.146
2013-12-28 10:00:00,0.131
2013-12-28 11:00:00,0.134
2013-12-28 12:00:00,0.155
2013-12-28 13:00:00,0.162
2013-12-28 14:00:00,0.152
2013-12-28 15:00:00,0.159
2013-12-28 16:00:00,0.182
2013-12-28 17:00:00,0.206
2013-12-28 18:00:00,0.221
2013-12-28 19:00:00,0.234
2013-12-28 20:00:00,0.233
2013-12-28 21:00:00,0.228
2013-12-28 22:00:00,0.215
2013-12-28 23:00:00,0.225
2013-12-29 00:00:00,0.230
2013-12-29 01:00:00,0.234
2013-12-29 02:00:00,0.229
2013-12-29 03:00:00,0.211
2013-12-29 04:00:00,0.208
2013-12-29 05:00:00,0.219
2013-12-29 06:00:00,0.225
2013-12-29 07:00:00,0.228
2013-12-29 08:00:00,0.244
2013-12-29 09:00:00,0.269
2013-12-29 10:00:00,0.290
2013-12-29 11:00:00,0.304
2013-12-29 12:00:00,0.316
2013-12-29 13:00:00,0.338
2013-12-29 14:00:00,0.343
2013-12-29 15:00:00,0.336
2013-12-29 16:00:00,0.348
2013-12-29 17:00:00,0.361
2013-12-29 18:00:00,0.342
2013-12-29 19:00:00,0.328
2013-12-29 20:00:00,0.349
2013-12-29 21:00:00,0.368
2013-12-29 22:00:00,0.353
2013-12-29 23:00:00,0.334
2013-12-30 00:00:00,0.316
2013-12-30 01:00:00,0.301
2013-12-30 02:00:00,0.274
2013-12-30 03:00:00,0.237
2013-12-30 04:00:00,0.218
2013-12-30 05:00:00,0.219
2013-12-30 06:00:00,0.216
2013-12-30 07:00:00,0.225
2013-12-30 08:00:00,0.245
2013-12-30 09:00:00,0.271
2013-12-30 10:00:00,0.301
2013-12-30 11:00:00,0.313
2013-12-30 12:00:00,0.327
2013-12-30 13:00:00,0.345
2013-12-30 14:00:00,0.349
2013-12-30 15:00:00,0.346
2013-12-30 16:00:00,0.339
2013-12-30 17:00:00,0.330
2013-12-30 18:00:00,0.305
2013-12-30 19:00:00,0.285
2013-12-30 20:00:00,0.280
2013-12-30 21:00:00,0.294
2013-12-30 22:00:00,0.288
2013-12-30 23:00:00,0.278
2013-12-31 00:00:00,0.273
2013-12-31 01:00:00,0.268
2013-12-31 02:00:00,0.263
2013-12-31 03:00:00,0.245
2013-12-31 04:00:00,0.217
2013-12-31 05:00:00,0.202
2013-12-31 06:00:00,0.200
2013-12-31 07:00:00,0.203
2013-12-31 08:00:00,0.207
2013-12-31 09:00:00,0.215
2013-12-31 10:00:00,0.221
2013-12-31 11:00:00,0.225
2013-12-31 12:00:00,0.222
2013-12-31 13:00:00,0.199
2013-12-31 14:00:00,0.181
2013-12-31 15:00:00,0.162
2013-12-31 16:00:00,0.143
2013-12-31 17:00:00,0.123
2013-12-31 18:00:00,0.107
2013-12-31 19:00:00,0.100
2013-12-31 20:00:00,0.098
2013-12-31 21:00:00,0.102
2013-12-31 22:00:00,0.113
2013-12-31 23:00:00,0.124
