site,time,level_m
Klaipeda,2013-03-26 06:00:00,-0.56
Klaipeda,2013-03-27 06:00:00,-0.55
Klaipeda,2013-03-28 06:00:00,-0.57
Klaipeda,2013-03-29 06:00:00,-0.56
Klaipeda,2013-03-30 06:00:00,-0.38
Klaipeda,2013-03-31 06:00:00,-0.39
Klaipeda,2013-04-01 06:00:00,-0.38
Klaipeda,2013-04-02 06:00:00,-0.42
Klaipeda,2013-04-03 06:00:00,-0.39
Klaipeda,2013-04-04 06:00:00,-0.37
Klaipeda,2013-04-05 06:00:00,-0.36
Klaipeda,2013-04-06 06:00:00,-0.35
Klaipeda,2013-04-07 06:00:00,-0.38
Klaipeda,2013-04-08 06:00:00,-0.26
Klaipeda,2013-04-09 06:00:00,-0.25
Klaipeda,2013-04-10 06:00:00,-0.3
Klaipeda,2013-04-11 06:00:00,-0.32
Klaipeda,2013-04-12 06:00:00,-0.16
Klaipeda,2013-04-13 06:00:00,-0.15
Klaipeda,2013-04-14 06:00:00,-0.1
Klaipeda,2013-04-15 06:00:00,-0.23
Klaipeda,2013-04-16 06:00:00,-0.15
Klaipeda,2013-04-17 06:00:00,-0.09
Klaipeda,2013-04-18 06:00:00,-0.15
Klaipeda,2013-04-19 06:00:00,-0.13
Klaipeda,2013-04-20 06:00:00,-0.12
Klaipeda,2013-04-21 06:00:00,-0.04
Klaipeda,2013-04-22 06:00:00,-0.02
Klaipeda,2013-04-23 06:00:00,-0.05
Klaipeda,2013-04-24 06:00:00,0.15
Klaipeda,2013-04-25 06:00:00,0.01
Klaipeda,2013-04-26 06:00:00,-0.02
Klaipeda,2013-04-27 06:00:00,0.01
Klaipeda,2013-04-28 06:00:00,0.03
Klaipeda,2013-04-29 06:00:00,-0.06
Klaipeda,2013-04-30 06:00:00,0.01
Klaipeda,2013-05-01 06:00:00,0.07
Klaipeda,2013-05-02 06:00:00,-0.01
Klaipeda,2013-05-03 06:00:00,0.02
Klaipeda,2013-05-04 06:00:00,-0.01
Klaipeda,2013-05-05 06:00:00,0.0
Klaipeda,2013-05-06 06:00:00,-0.02
Klaipeda,2013-05-07 06:00:00,-0.04
Klaipeda,2013-05-08 06:00:00,-0.05
Klaipeda,2013-05-09 06:00:00,-0.01
Klaipeda,2013-05-10 06:00:00,-0.04
Klaipeda,2013-05-11 06:00:00,-0.04
Klaipeda,2013-05-12 06:00:00,-0.01
Nida,2013-03-26 06:00:00,-0.22
Nida,2013-03-26 18:00:00,-0.23
Nida,2013-03-27 06:00:00,-0.24
Nida,2013-03-27 18:00:00,-0.24
Nida,2013-03-28 06:00:00,-0.26
Nida,2013-03-28 18:00:00,-0.27
Nida,2013-03-29 06:00:00,-0.29
Nida,2013-03-29 18:00:00,-0.32
Nida,2013-03-30 06:00:00,-0.3
Nida,2013-03-30 18:00:00,-0.26
Nida,2013-03-31 06:00:00,-0.24
Nida,2013-03-31 18:00:00,-0.22
Nida,2013-04-01 06:00:00,-0.2
Nida,2013-04-01 18:00:00,-0.12
Nida,2013-04-02 06:00:00,-0.09
Nida,2013-04-02 18:00:00,-0.11
Nida,2013-04-03 06:00:00,-0.13
Nida,2013-04-03 18:00:00,-0.13
Nida,2013-04-04 06:00:00,-0.13
Nida,2013-04-04 18:00:00,-0.12
Nida,2013-04-05 06:00:00,-0.1
Nida,2013-04-05 18:00:00,-0.05
Nida,2013-04-06 06:00:00,-0.03
Nida,2013-04-06 18:00:00,-0.04
Nida,2013-04-07 06:00:00,-0.03
Nida,2013-04-07 18:00:00,-0.07
Nida,2013-04-08 06:00:00,-0.07
Nida,2013-04-08 18:00:00,-0.07
Nida,2013-04-09 06:00:00,-0.03
Nida,2013-04-09 18:00:00,-0.05
Nida,2013-04-10 06:00:00,-0.06
Nida,2013-04-10 18:00:00,-0.08
Nida,2013-04-11 06:00:00,-0.08
Nida,2013-04-11 18:00:00,-0.09
Nida,2013-04-12 06:00:00,-0.09
Nida,2013-04-12 18:00:00,-0.07
Nida,2013-04-13 06:00:00,-0.09
Nida,2013-04-13 18:00:00,-0.09
Nida,2013-04-14 06:00:00,-0.05
Nida,2013-04-14 18:00:00,-0.04
Nida,2013-04-15 06:00:00,-0.03
Nida,2013-04-15 18:00:00,-0.04
Nida,2013-04-16 06:00:00,-0.04
Nida,2013-04-16 18:00:00,-0.03
Nida,2013-04-17 06:00:00,-0.03
Nida,2013-04-17 18:00:00,-0.02
Nida,2013-04-18 06:00:00,0.0
Nida,2013-04-18 18:00:00,-0.03
Nida,2013-04-19 06:00:00,0.03
Nida,2013-04-19 18:00:00,0.05
Nida,2013-04-20 06:00:00,0.07
Nida,2013-04-20 18:00:00,0.13
Nida,2013-04-21 06:00:00,0.19
Nida,2013-04-21 18:00:00,0.2
Nida,2013-04-22 06:00:00,0.24
Nida,2013-04-22 18:00:00,0.23
Nida,2013-04-23 06:00:00,0.23
Nida,2013-04-23 18:00:00,0.25
Nida,2013-04-24 06:00:00,0.23
Nida,2013-04-24 18:00:00,0.25
Nida,2013-04-25 06:00:00,0.22
Nida,2013-04-25 18:00:00,0.27
Nida,2013-04-26 06:00:00,0.31
Nida,2013-04-26 18:00:00,0.26
Nida,2013-04-27 06:00:00,0.3
Nida,2013-04-27 18:00:00,0.33
Nida,2013-04-28 06:00:00,0.35
Nida,2013-04-28 18:00:00,0.38
Nida,2013-04-29 06:00:00,0.36
Nida,2013-04-29 18:00:00,0.31
Nida,2013-04-30 06:00:00,0.3
Nida,2013-04-30 18:00:00,0.25
Nida,2013-05-01 06:00:00,0.24
Nida,2013-05-01 18:00:00,0.25
Nida,2013-05-02 06:00:00,0.25
Nida,2013-05-02 18:00:00,0.21
Nida,2013-05-03 06:00:00,0.23
Nida,2013-05-03 18:00:00,0.26
Nida,2013-05-04 06:00:00,0.25
Nida,2013-05-04 18:00:00,0.23
Nida,2013-05-05 06:00:00,0.21
Nida,2013-05-05 18:00:00,0.2
Nida,2013-05-06 06:00:00,0.2
Nida,2013-05-06 18:00:00,0.21
Nida,2013-05-07 06:00:00,0.2
Nida,2013-05-07 18:00:00,0.17
Nida,2013-05-08 06:00:00,0.18
Nida,2013-05-08 18:00:00,0.19
Nida,2013-05-09 06:00:00,0.18
Nida,2013-05-09 18:00:00,0.17
Nida,2013-05-10 06:00:00,0.17
Nida,2013-05-10 18:00:00,0.14
Nida,2013-05-11 06:00:00,0.15
Nida,2013-05-11 18:00:00,0.15
Nida,2013-05-12 06:00:00,0.15
Nida,2013-05-12 18:00:00,0.17
Vente,2013-03-26 06:00:00,-0.36
Vente,2013-03-26 18:00:00,-0.36
Vente,2013-03-27 06:00:00,-0.37
Vente,2013-03-27 18:00:00,-0.38
Vente,2013-03-28 06:00:00,-0.4
Vente,2013-03-28 18:00:00,-0.42
Vente,2013-03-29 06:00:00,-0.44
Vente,2013-03-29 18:00:00,-0.44
Vente,2013-03-30 06:00:00,-0.44
Vente,2013-03-30 18:00:00,-0.4
Vente,2013-03-31 06:00:00,-0.37
Vente,2013-03-31 18:00:00,-0.37
Vente,2013-04-01 06:00:00,-0.37
Vente,2013-04-01 18:00:00,-0.3
Vente,2013-04-02 06:00:00,-0.27
Vente,2013-04-02 18:00:00,-0.27
Vente,2013-04-03 06:00:00,-0.28
Vente,2013-04-03 18:00:00,-0.28
Vente,2013-04-04 06:00:00,-0.29
Vente,2013-04-04 18:00:00,-0.29
Vente,2013-04-05 06:00:00,-0.28
Vente,2013-04-05 18:00:00,-0.22
Vente,2013-04-06 06:00:00,-0.2
Vente,2013-04-06 18:00:00,-0.17
Vente,2013-04-07 06:00:00,-0.16
Vente,2013-04-07 18:00:00,-0.16
Vente,2013-04-08 06:00:00,-0.2
Vente,2013-04-08 18:00:00,-0.2
Vente,2013-04-09 06:00:00,-0.21
Vente,2013-04-09 18:00:00,-0.21
Vente,2013-04-10 06:00:00,-0.22
Vente,2013-04-10 18:00:00,-0.22
Vente,2013-04-11 06:00:00,-0.23
Vente,2013-04-11 18:00:00,-0.24
Vente,2013-04-12 06:00:00,-0.23
Vente,2013-04-12 18:00:00,-0.2
Vente,2013-04-13 06:00:00,-0.21
Vente,2013-04-13 18:00:00,-0.24
Vente,2013-04-14 06:00:00,-0.19
Vente,2013-04-14 18:00:00,-0.19
Vente,2013-04-15 06:00:00,-0.16
Vente,2013-04-15 18:00:00,-0.17
Vente,2013-04-16 06:00:00,-0.17
Vente,2013-04-16 18:00:00,-0.19
Vente,2013-04-17 06:00:00,-0.15
Vente,2013-04-17 18:00:00,-0.14
Vente,2013-04-18 06:00:00,-0.14
Vente,2013-04-18 18:00:00,-0.07
Vente,2013-04-19 06:00:00,-0.08
Vente,2013-04-19 18:00:00,-0.07
Vente,2013-04-20 06:00:00,-0.03
Vente,2013-04-20 18:00:00,-0.03
Vente,2013-04-21 06:00:00,0.06
Vente,2013-04-21 18:00:00,0.12
Vente,2013-04-22 06:00:00,0.1
Vente,2013-04-22 18:00:00,0.1
Vente,2013-04-23 06:00:00,0.11
Vente,2013-04-23 18:00:00,0.14
Vente,2013-04-24 06:00:00,0.15
Vente,2013-04-24 18:00:00,0.15
Vente,2013-04-25 06:00:00,0.29
Vente,2013-04-25 18:00:00,0.15
Vente,2013-04-26 06:00:00,0.2
Vente,2013-04-26 18:00:00,0.15
Vente,2013-04-27 06:00:00,0.15
Vente,2013-04-27 18:00:00,0.2
Vente,2013-04-28 06:00:00,0.22
Vente,2013-04-28 18:00:00,0.22
Vente,2013-04-29 06:00:00,0.2
Vente,2013-04-29 18:00:00,0.19
Vente,2013-04-30 06:00:00,0.18
Vente,2013-04-30 18:00:00,0.15
Vente,2013-05-01 06:00:00,0.11
Vente,2013-05-01 18:00:00,0.1
Vente,2013-05-02 06:00:00,0.1
Vente,2013-05-02 18:00:00,0.07
Vente,2013-05-03 06:00:00,0.08
Vente,2013-05-03 18:00:00,0.12
Vente,2013-05-04 06:00:00,0.11
Vente,2013-05-04 18:00:00,0.09
Vente,2013-05-05 06:00:00,0.1
Vente,2013-05-05 18:00:00,0.11
Vente,2013-05-06 06:00:00,0.08
Vente,2013-05-06 18:00:00,0.07
Vente,2013-05-07 06:00:00,0.07
Vente,2013-05-07 18:00:00,0.04
Vente,2013-05-08 06:00:00,0.05
Vente,2013-05-08 18:00:00,0.05
Vente,2013-05-09 06:00:00,0.04
Vente,2013-05-09 18:00:00,0.05
Vente,2013-05-10 06:00:00,0.04
Vente,2013-05-10 18:00:00,0.04
Vente,2013-05-11 06:00:00,0.04
Vente,2013-05-11 18:00:00,0.01
Vente,2013-05-12 06:00:00,0.04
Vente,2013-05-12 18:00:00,0.03
Uostadvaris,2013-03-26 06:00:00,-0.24
Uostadvaris,2013-03-27 06:00:00,-0.25
Uostadvaris,2013-03-28 06:00:00,-0.28
Uostadvaris,2013-03-29 06:00:00,-0.32
Uostadvaris,2013-03-30 06:00:00,-0.32
Uostadvaris,2013-03-31 06:00:00,-0.32
Uostadvaris,2013-04-01 06:00:00,-0.25
Uostadvaris,2013-04-02 06:00:00,-0.13
Uostadvaris,2013-04-03 06:00:00,-0.14
Uostadvaris,2013-04-04 06:00:00,-0.17
Uostadvaris,2013-04-05 06:00:00,-0.13
Uostadvaris,2013-04-06 06:00:00,-0.06
Uostadvaris,2013-04-07 06:00:00,-0.04
Uostadvaris,2013-04-08 06:00:00,-0.16
Uostadvaris,2013-04-09 06:00:00,-0.15
Uostadvaris,2013-04-10 06:00:00,-0.2
Uostadvaris,2013-04-11 06:00:00,-0.18
Uostadvaris,2013-04-12 06:00:00,-0.19
Uostadvaris,2013-04-13 06:00:00,-0.13
Uostadvaris,2013-04-14 06:00:00,-0.06
Uostadvaris,2013-04-15 06:00:00,0.0
Uostadvaris,2013-04-16 06:00:00,0.02
Uostadvaris,2013-04-17 06:00:00,0.06
Uostadvaris,2013-04-18 06:00:00,0.09
Uostadvaris,2013-04-19 06:00:00,0.19
Uostadvaris,2013-04-20 06:00:00,0.37
Uostadvaris,2013-04-21 06:00:00,0.44
Uostadvaris,2013-04-22 06:00:00,0.5
Uostadvaris,2013-04-23 06:00:00,0.5
Uostadvaris,2013-04-24 06:00:00,0.54
Uostadvaris,2013-04-25 06:00:00,0.46
Uostadvaris,2013-04-26 06:00:00,0.45
Uostadvaris,2013-04-27 06:00:00,0.34
Uostadvaris,2013-04-28 06:00:00,0.4
Uostadvaris,2013-04-29 06:00:00,0.38
Uostadvaris,2013-04-30 06:00:00,0.38
Uostadvaris,2013-05-01 06:00:00,0.28
Uostadvaris,2013-05-02 06:00:00,0.25
Uostadvaris,2013-05-03 06:00:00,0.2
Uostadvaris,2013-05-04 06:00:00,0.22
Uostadvaris,2013-05-05 06:00:00,0.21
Uostadvaris,2013-05-06 06:00:00,0.2
Uostadvaris,2013-05-07 06:00:00,0.16
Uostadvaris,2013-05-08 06:00:00,0.12
Uostadvaris,2013-05-09 06:00:00,0.11
Uostadvaris,2013-05-10 06:00:00,0.12
Uostadvaris,2013-05-11 06:00:00,0.1
Uostadvaris,2013-05-12 06:00:00,0.1
