# Atmata daily water level at Rusne, 26 Mar - 12 May 2013.
#
# Source: Lithuanian Hydrometeorological Service (LHMT) open API, api.meteo.lt,
#   /v1/hydro-stations/rusnes-atmata-vms/observations/historical/<YYYY-MM>
# Retrieved 2026-09-17. Licence: CC BY-SA 4.0 -- attribution is a condition of
#   access, so it travels with this file.
#
# waterLevel is cm above the station's own local gauge zero, which is NOT known
#   in the model datum (the 500 cm assumed for the lagoon gauges is ~2 m off
#   here). validate.py therefore uses it only relatively: the rise from the calm
#   window to the crest (criterion A6). The station publishes no discharge.
observationDateUtc,waterLevel,waterDischarge
2013-03-26,182,
2013-03-27,177,
2013-03-28,177,
2013-03-29,178,
2013-03-30,183,
2013-03-31,192,
2013-04-01,200,
2013-04-02,201,
2013-04-03,198,
2013-04-04,198,
2013-04-05,210,
2013-04-06,203,
2013-04-07,185,
2013-04-08,183,
2013-04-09,181,
2013-04-10,185,
2013-04-11,192,
2013-04-12,199,
2013-04-13,217,
2013-04-14,241,
2013-04-15,265,
2013-04-16,280,
2013-04-17,297,
2013-04-18,317,
2013-04-19,332,
2013-04-20,341,
2013-04-21,344,
2013-04-22,344,
2013-04-23,339,
2013-04-24,333,
2013-04-25,329,
2013-04-26,324,
2013-04-27,315,
2013-04-28,304,
2013-04-29,295,
2013-04-30,285,
2013-05-01,276,
2013-05-02,267,
2013-05-03,258,
2013-05-04,254,
2013-05-05,253,
2013-05-06,251,
2013-05-07,248,
2013-05-08,244,
2013-05-09,238,
2013-05-10,236,
2013-05-11,232,
2013-05-12,230,
