# Minija daily discharge and water level at Lankupiai, 26 Mar - 12 May 2013.
#
# Source: Lithuanian Hydrometeorological Service (LHMT) open API, api.meteo.lt,
#   /v1/hydro-stations/lankupiu-minija-vms/observations/historical/<YYYY-MM>
# Retrieved 2026-09-17 (~/curonian/DATA/LHMT_api/lhmt_lankupiai_2012_2014.csv).
#   Licence: CC BY-SA 4.0 -- attribution is a condition of access, so it
#   travels with this file.
#
# Lankupiai is ~10 km above the Minija mouth, so the model uses waterDischarge
# as the mouth inflow with no lag or scaling (the sibling project's documented
# choice for this gauge). waterLevel is on the station's own gauge zero, unused.
observationDateUtc,waterLevel,waterDischarge
2013-03-26,475,14.1
2013-03-27,474,14
2013-03-28,473,13.8
2013-03-29,467,10.9
2013-03-30,464,9.76
2013-03-31,471,14
2013-04-01,476,15.6
2013-04-02,482,15.9
2013-04-03,482,14.2
2013-04-04,482,13.6
2013-04-05,485,14.1
2013-04-06,490,15.6
2013-04-07,492,15.2
2013-04-08,490,14.7
2013-04-09,489,17.7
2013-04-10,487,19.9
2013-04-11,489,19.9
2013-04-12,490,27.8
2013-04-13,506,84.1
2013-04-14,553,144
2013-04-15,585,129
2013-04-16,584,99.4
2013-04-17,572,81.2
2013-04-18,568,74.2
2013-04-19,567,70.5
2013-04-20,569,70.1
2013-04-21,567,61.6
2013-04-22,565,49.7
2013-04-23,562,44.1
2013-04-24,563,43.8
2013-04-25,555,40.8
2013-04-26,551,39.6
2013-04-27,545,37.7
2013-04-28,549,42.5
2013-04-29,555,48.8
2013-04-30,556,50.2
2013-05-01,545,41.1
2013-05-02,538,35.4
2013-05-03,531,29.2
2013-05-04,530,28.4
2013-05-05,530,28.2
2013-05-06,525,25.6
2013-05-07,521,23.5
2013-05-08,518,21.8
2013-05-09,517,21.6
2013-05-10,515,21.7
2013-05-11,513,25.6
2013-05-12,516,33.8
